RegionName,StateName,HealthRegionName,HealthRegionLat,HealthRegionLon,match_0,match_1,match_2,match_3
Centro-Oeste,Distrito Federal,Brasília,-15.781137,-47.796772,,,,
Centro-Oeste,Goiás,Central,-16.417870,-49.535922,,,,
Centro-Oeste,Goiás,Centro Sul,-17.106005,-49.154373,,,,
Centro-Oeste,Goiás,Entorno Norte,-14.913098,-47.336380,,,,
Centro-Oeste,Goiás,Entorno Sul,-16.531382,-47.769993,,,,
Centro-Oeste,Goiás,Estrada de Ferro,-17.749238,-48.093176,,,,
Centro-Oeste,Goiás,Nordeste I,-13.490322,-47.324912,,,,
Centro-Oeste,Goiás,Nordeste II,-14.084942,-46.532806,,,,
Centro-Oeste,Goiás,Norte,-13.424418,-49.410493,,,,
Centro-Oeste,Goiás,Oeste I,-16.286025,-51.535543,,,,
Centro-Oeste,Goiás,Oeste II,-16.777583,-50.418188,,,,
Centro-Oeste,Goiás,Pirineus,-15.983342,-48.781852,,,,
Centro-Oeste,Goiás,Rio Vermelho,-15.167849,-50.638101,,,,
Centro-Oeste,Goiás,Serra da Mesa,-14.324376,-48.733176,,,,
Centro-Oeste,Goiás,Sudoeste I,-18.203874,-50.916215,,,,
Centro-Oeste,Goiás,Sudoeste II,-17.669615,-52.234281,,,,
Centro-Oeste,Goiás,Sul,-18.119974,-49.486152,,,,
Centro-Oeste,Goiás,São Patrício I,-14.786051,-49.790962,,,,
Centro-Oeste,Goiás,São Patrício II,-15.277505,-48.798427,,,,
Centro-Oeste,Mato Grosso do Sul,Campo Grande,-20.109675,-55.085582,,,,
Centro-Oeste,Mato Grosso do Sul,Corumbá,-18.724365,-56.727023,,,,
Centro-Oeste,Mato Grosso do Sul,Dourados,-22.608533,-54.447776,,,,
Centro-Oeste,Mato Grosso do Sul,Três Lagoas,-20.307130,-52.241660,,,,
Centro-Oeste,Mato Grosso,Alto Tapajós,-9.436201,-57.359684,,,,
Centro-Oeste,Mato Grosso,Araguaia Xingu,-10.430658,-51.799651,,,,
Centro-Oeste,Mato Grosso,Baixada Cuiabana,-16.162808,-56.093610,,,,
Centro-Oeste,Mato Grosso,Centro Norte,-13.830616,-56.651200,,,,
Centro-Oeste,Mato Grosso,Garças Araguaia,-15.198407,-52.689238,,,,
Centro-Oeste,Mato Grosso,Médio Araguaia,-13.115361,-52.283725,,,,
Centro-Oeste,Mato Grosso,Médio Norte Matogrossense,-14.070789,-58.052819,,,,
Centro-Oeste,Mato Grosso,Noroeste Matogrossense,-10.579538,-59.397221,,,,
Centro-Oeste,Mato Grosso,Norte Araguaia Karajá,-11.576948,-51.607307,,,,
Centro-Oeste,Mato Grosso,Norte Matogrossense,-10.836116,-54.961896,,,,
Centro-Oeste,Mato Grosso,Oeste Matogrossense,-16.134910,-58.090711,,,,
Centro-Oeste,Mato Grosso,Sudoeste Matogrossense,-13.635870,-59.858242,,,,
Centro-Oeste,Mato Grosso,Sul Matogrossense,-15.614286,-54.174343,,,,
Centro-Oeste,Mato Grosso,Teles Pires,-12.556308,-55.311785,,,,
Centro-Oeste,Mato Grosso,Vale do Peixoto,-10.029467,-54.290995,,,,
Centro-Oeste,Mato Grosso,Vale dos Arinos,-11.199005,-57.213532,,,,
Nordeste,Alagoas,10ª Região de Saúde,-9.278795,-37.846748,,,,
Nordeste,Alagoas,1ª Região de Saúde,-9.508470,-35.807286,,,,
Nordeste,Alagoas,2ª Região de Saúde,-9.100784,-35.459892,,,,
Nordeste,Alagoas,3ª Região de Saúde,-9.083152,-35.902098,,,,
Nordeste,Alagoas,4ª Região de Saúde,-9.392249,-36.235570,,,,
Nordeste,Alagoas,5ª Região de Saúde,-9.810045,-36.253996,,,,
Nordeste,Alagoas,6ª Região de Saúde,-10.141726,-36.411465,,,,
Nordeste,Alagoas,7ª Região de Saúde,-9.775299,-36.843558,,,,
Nordeste,Alagoas,8ª Região de Saúde,-9.462080,-36.667383,,,,
Nordeste,Alagoas,9ª Região de Saúde,-9.401841,-37.394536,,,,
Nordeste,Bahia,Alagoinhas,-11.793626,-38.172679,,,,
Nordeste,Bahia,Barreiras,-11.859551,-45.134522,,,,
Nordeste,Bahia,Brumado,-13.649839,-41.870614,,,,
Nordeste,Bahia,Camaçari,-12.342403,-38.054065,,,,
Nordeste,Bahia,Cruz das Almas,-12.672125,-39.016365,,,,
Nordeste,Bahia,Feira de Santana,-12.074211,-39.554591,,,,
Nordeste,Bahia,Guanambi,-14.185767,-42.945417,,,,
Nordeste,Bahia,Ibotirama,-11.581816,-43.206836,,,,
Nordeste,Bahia,Ilhéus,-15.135652,-39.212183,,,,
Nordeste,Bahia,Irecê,-11.247992,-42.212910,,,,
Nordeste,Bahia,Itaberaba,-12.604779,-40.690170,,,,
Nordeste,Bahia,Itabuna,-14.787700,-39.523766,,,,
Nordeste,Bahia,Itapetinga,-15.249624,-40.129407,,,,
Nordeste,Bahia,Jacobina,-11.244665,-40.785803,,,,
Nordeste,Bahia,Jequié,-13.718350,-40.245021,,,,
Nordeste,Bahia,Juazeiro,-9.716631,-41.369061,,,,
Nordeste,Bahia,Paulo Afonso,-9.471382,-38.693819,,,,
Nordeste,Bahia,Porto Seguro,-16.320829,-39.495793,,,,
Nordeste,Bahia,Ribeira do Pombal,-10.735064,-38.325423,,,,
Nordeste,Bahia,Salvador,-12.725111,-38.598517,,,,
Nordeste,Bahia,Santa Maria da Vitória,-13.735510,-44.781995,,,,
Nordeste,Bahia,Santo Antônio de Jesus,-13.007098,-39.396516,,,,
Nordeste,Bahia,Seabra,-12.666423,-41.772990,,,,
Nordeste,Bahia,Senhor do Bonfim,-10.349383,-40.356226,,,,
Nordeste,Bahia,Serrinha,-10.993387,-39.221368,,,,
Nordeste,Bahia,Teixeira de Freitas,-17.408574,-39.842738,,,,
Nordeste,Bahia,Valença,-13.666673,-39.266295,,,,
Nordeste,Bahia,Vitória da Conquista,-14.912611,-41.106075,,,,
Nordeste,Ceará,10ª Região Limoeiro do Norte,-5.619190,-38.317515,,,,
Nordeste,Ceará,11ª Região Sobral,-3.982663,-40.286595,,,,
Nordeste,Ceará,12ª Região Acaraú,-3.055885,-40.166204,,,,
Nordeste,Ceará,13ª Região Tianguá,-3.915092,-41.030565,,,,
Nordeste,Ceará,14ª Região Tauá,-6.222050,-40.344300,,,,
Nordeste,Ceará,15ª Região Crateús,-5.132740,-40.600269,,,,
Nordeste,Ceará,16ª Região Camocim,-3.131587,-40.957102,,,,
Nordeste,Ceará,17ª Região Icó,-6.522547,-38.885424,,,,
Nordeste,Ceará,18ª Região Iguatú,-6.187983,-39.566903,,,,
Nordeste,Ceará,19ª Região Brejo Santo,-7.329001,-38.890993,,,,
Nordeste,Ceará,1ª Região Fortaleza,-3.913795,-38.462929,,,,
Nordeste,Ceará,20ª Região Crato,-7.039628,-39.852472,,,,
Nordeste,Ceará,21ª Região Juazeiro do Norte,-7.291495,-39.258374,,,,
Nordeste,Ceará,22ª Região Cascavel,-4.351935,-38.295675,,,,
Nordeste,Ceará,2ª Região Caucaia,-3.780931,-39.177776,,,,
Nordeste,Ceará,3ª Região Maracanaú,-4.108248,-38.724269,,,,
Nordeste,Ceará,4ª Região Baturité,-4.462517,-38.866274,,,,
Nordeste,Ceará,5ª Região Canindé,-4.649949,-39.533645,,,,
Nordeste,Ceará,6ª Região Itapipoca,-3.400549,-39.617812,,,,
Nordeste,Ceará,7ª Região Aracati,-4.666718,-37.673204,,,,
Nordeste,Ceará,8ª Região Quixadá,-5.260275,-39.173495,,,,
Nordeste,Ceará,9ª Região Russas,-5.066869,-38.346664,,,,
Nordeste,Maranhão,Açailândia,-4.689212,-47.219208,,,,
Nordeste,Maranhão,Bacabal,-4.292526,-45.170825,,,,
Nordeste,Maranhão,Balsas,-7.913536,-46.221103,,,,
Nordeste,Maranhão,Barra do Corda,-5.676227,-45.643427,,,,
Nordeste,Maranhão,Caxias,-4.613563,-43.309929,,,,
Nordeste,Maranhão,Chapadinha,-3.358848,-42.755699,,,,
Nordeste,Maranhão,Codó,-4.349156,-44.034417,,,,
Nordeste,Maranhão,Imperatriz,-5.844321,-46.922021,,,,
Nordeste,Maranhão,Itapecuru Mirim,-3.482839,-44.080897,,,,
Nordeste,Maranhão,Pedreiras,-4.764055,-44.992116,,,,
Nordeste,Maranhão,Pinheiro,-2.187187,-45.182847,,,,
Nordeste,Maranhão,Presidente Dutra,-5.348003,-44.432692,,,,
Nordeste,Maranhão,Rosário,-2.834826,-43.553669,,,,
Nordeste,Maranhão,Santa Inês,-3.904525,-45.994194,,,,
Nordeste,Maranhão,São João dos Patos,-6.429997,-44.250000,,,,
Nordeste,Maranhão,São Luís,-2.474921,-44.393014,,,,
Nordeste,Maranhão,Timon,-5.635245,-43.252846,,,,
Nordeste,Maranhão,Viana,-3.027803,-44.963163,,,,
Nordeste,Maranhão,Zé Doca,-2.566617,-46.122678,,,,
Nordeste,Paraíba,10ª Região,-6.753600,-38.180099,,,,
Nordeste,Paraíba,11ª Região,-7.569301,-37.885873,,,,
Nordeste,Paraíba,12ª Região,-7.293669,-35.396762,,,,
Nordeste,Paraíba,13ª Região,-6.755738,-37.781979,,,,
Nordeste,Paraíba,14ª Região,-6.728402,-35.137774,,,,
Nordeste,Paraíba,15ª Região,-7.571713,-36.034796,,,,
Nordeste,Paraíba,16ª Região,-7.166422,-36.333194,,,,
Nordeste,Paraíba,1ª Região Mata Atlântica,-7.158256,-35.017492,,,,
Nordeste,Paraíba,2ª Região,-6.725532,-35.577906,,,,
Nordeste,Paraíba,3ª Região,-6.994318,-35.787881,,,,
Nordeste,Paraíba,4ª Região,-6.656490,-36.235693,,,,
Nordeste,Paraíba,5ª Região,-7.739985,-36.803567,,,,
Nordeste,Paraíba,6ª Região,-7.012445,-37.258717,,,,
Nordeste,Paraíba,7ª Região,-7.354723,-38.173320,,,,
Nordeste,Paraíba,8ª Região,-6.335747,-37.575380,,,,
Nordeste,Paraíba,9ª Região,-6.858569,-38.505304,,,,
Nordeste,Pernambuco,Afogados da Ingazeira,-7.646120,-37.440294,,,,
Nordeste,Pernambuco,Arcoverde,-8.592391,-37.545163,,,,
Nordeste,Pernambuco,Caruaru,-8.273943,-36.189651,,,,
Nordeste,Pernambuco,Garanhuns,-8.991774,-36.715263,,,,
Nordeste,Pernambuco,Goiana,-7.560353,-35.166038,,,,
Nordeste,Pernambuco,Limoeiro,-7.853524,-35.482968,,,,
Nordeste,Pernambuco,Ouricuri,-7.874951,-40.086323,,,,
Nordeste,Pernambuco,Palmares,-8.641065,-35.499558,,,,
Nordeste,Pernambuco,Petrolina,-8.721404,-40.264903,,,,
Nordeste,Pernambuco,Recife,-8.089716,-35.096756,,,,
Nordeste,Pernambuco,Salgueiro,-8.174606,-39.093263,,,,
Nordeste,Pernambuco,Serra Talhada,-8.239390,-38.349177,,,,
Nordeste,Piauí,Carnaubais,-5.299197,-41.603502,,,,
Nordeste,Piauí,Chapada das Mangabeiras,-9.518851,-44.733711,,,,
Nordeste,Piauí,Cocais,-4.086354,-41.881765,,,,
Nordeste,Piauí,Entre Rios,-5.398244,-42.601266,,,,
Nordeste,Piauí,Planície Litorânea,-3.276753,-41.657366,,,,
Nordeste,Piauí,Serra da Capivara,-8.893306,-42.585042,,,,
Nordeste,Piauí,Tabuleiros do Alto Parnaíba,-8.033079,-44.818152,,,,
Nordeste,Piauí,Vale do Canindé,-7.428440,-41.978154,,,,
Nordeste,Piauí,Vale do Rio Guaribas,-7.471215,-41.131981,,,,
Nordeste,Piauí,Vale do Sambito,-6.287195,-41.669143,,,,
Nordeste,Piauí,Vale dos Rios Piauí e Itaueiras,-7.645577,-43.132271,,,,
Nordeste,Rio Grande do Norte,1ª Região de Saúde - São José de Mipibu,-6.280360,-35.336357,,,,
Nordeste,Rio Grande do Norte,2ª Região de Saúde - Mossoró,-5.451762,-37.459856,,,,
Nordeste,Rio Grande do Norte,3ª Região de Saúde - João Câmara,-5.439960,-35.965576,,,,
Nordeste,Rio Grande do Norte,4ª Região de Saúde - Caicó,-6.320053,-36.818923,,,,
Nordeste,Rio Grande do Norte,5ª Região de Saúde - Santa Cruz,-6.119558,-35.920612,,,,
Nordeste,Rio Grande do Norte,6ª Região de Saúde - Pau dos Ferros,-6.153172,-38.058283,,,,
Nordeste,Rio Grande do Norte,7ª Região de Saúde - Metropolitana,-5.849728,-35.347712,,,,
Nordeste,Rio Grande do Norte,8ª Região de Saúde - Açu,-5.549588,-36.831909,,,,
Nordeste,Sergipe,Aracaju,-10.949003,-37.229319,,,,
Nordeste,Sergipe,Estância,-11.317144,-37.609581,,,,
Nordeste,Sergipe,Itabaiana,-10.537080,-37.538550,,,,
Nordeste,Sergipe,Lagarto,-10.935836,-37.842041,,,,
Nordeste,Sergipe,Nossa Senhora da Glória,-9.958318,-37.552339,,,,
Nordeste,Sergipe,Nossa Senhora do Socorro,-10.576961,-37.054109,,,,
Nordeste,Sergipe,Propriá,-10.350512,-36.809717,,,,
Norte,Acre,Alto Acre,-10.714060,-69.159758,,,,
Norte,Acre,Baixo Acre e Purus,-9.705521,-69.267256,,,,
Norte,Acre,Juruá e Tarauacá/Envira,-8.492508,-71.764748,,,,
Norte,Amapá,Área Central,1.025697,-51.693058,,,,
Norte,Amapá,Área Norte,2.400392,-51.425358,,,,
Norte,Amapá,Área Sudoeste,0.638279,-52.808015,,,,
Norte,Amazonas,Alto Solimões,-4.759340,-69.698512,,,,
Norte,Amazonas,Baixo Amazonas,-3.878620,-57.783182,,,,
Norte,Amazonas,"Manaus, Entorno e Alto Rio Negro",-0.603640,-64.471279,,,,
Norte,Amazonas,Médio Amazonas,-1.769569,-58.807116,,,,
Norte,Amazonas,Regional Juruá,-6.486278,-69.208023,,,,
Norte,Amazonas,Regional Purus,-7.391543,-65.880509,,,,
Norte,Amazonas,Rio Madeira,-6.682651,-60.545406,,,,
Norte,Amazonas,Rio Negro e Solimões,-3.587392,-62.750753,,,,
Norte,Amazonas,Triângulo,-2.761726,-66.743719,,,,
Norte,Pará,Araguaia,-7.636398,-51.401753,,,,
Norte,Pará,Baixo Amazonas,-0.522579,-55.568085,,,,
Norte,Pará,Carajás,-5.483520,-49.356774,,,,
Norte,Pará,Lago de Tucuruí,-4.084815,-49.630762,,,,
Norte,Pará,Marajó I,-0.509494,-49.696752,,,,
Norte,Pará,Marajó II,-1.816744,-50.790512,,,,
Norte,Pará,Metropolitana I,-1.262476,-48.392768,,,,
Norte,Pará,Metropolitana II,-2.049688,-48.262060,,,,
Norte,Pará,Metropolitana III,-2.640158,-47.565762,,,,
Norte,Pará,Rio Caetés,-1.399336,-46.751789,,,,
Norte,Pará,Tapajós,-6.451871,-56.423780,,,,
Norte,Pará,Tocantins,-2.430983,-49.334614,,,,
Norte,Pará,Xingu,-5.420134,-53.300739,,,,
Norte,Rondônia,Café,-11.573944,-61.005771,,,,
Norte,Rondônia,Central,-10.805681,-62.458529,,,,
Norte,Rondônia,Cone Sul,-12.660238,-60.805077,,,,
Norte,Rondônia,Madeira-Mamoré,-9.958401,-64.271470,,,,
Norte,Rondônia,Vale do Guaporé,-12.205375,-63.379710,,,,
Norte,Rondônia,Vale do Jamari,-9.722795,-62.903760,,,,
Norte,Rondônia,Zona da Mata,-12.236149,-61.986255,,,,
Norte,Roraima,Centro Norte,3.354448,-61.645615,,,,
Norte,Roraima,Sul,0.832080,-61.142406,,,,
Norte,Tocantins,Amor Perfeito,-10.893400,-47.553386,,,,
Norte,Tocantins,Bico do Papagaio,-5.947030,-47.914725,,,,
Norte,Tocantins,Cantão,-10.148288,-49.656609,,,,
Norte,Tocantins,Capim Dourado,-9.762922,-47.649366,,,,
Norte,Tocantins,Cerrado Tocantins Araguaia,-8.520850,-48.267026,,,,
Norte,Tocantins,Ilha do Bananal,-12.067163,-49.317264,,,,
Norte,Tocantins,Médio Norte Araguaia,-7.454097,-48.009109,,,,
Norte,Tocantins,Sudeste,-12.304162,-47.195068,,,,
Sudeste,Espírito Santo,Central,-19.363620,-40.413226,,,,
Sudeste,Espírito Santo,Metropolitana,-20.158641,-40.782082,,,,
Sudeste,Espírito Santo,Norte,-18.482867,-40.374255,,,,
Sudeste,Espírito Santo,Sul,-20.757169,-41.278528,,,,
Sudeste,Minas Gerais,Alfenas Machado,-21.393389,-46.027863,,,,
Sudeste,Minas Gerais,Almenara,-16.318374,-40.683443,,,,
Sudeste,Minas Gerais,Além Paraíba,-21.767567,-42.637982,,,,
Sudeste,Minas Gerais,Araxá,-19.560659,-46.879725,,,,
Sudeste,Minas Gerais,Araçuaí,-16.851875,-42.174728,,,,
Sudeste,Minas Gerais,Barbacena,-21.229412,-43.726916,,,,
Sudeste,Minas Gerais,Belo Horizonte Nova Lima Caeté,-19.822110,-43.800787,,,,
Sudeste,Minas Gerais,Betim,-20.053425,-44.274918,,,,
Sudeste,Minas Gerais,Bom Despacho,-19.603696,-45.490578,,,,
Sudeste,Minas Gerais,Brasília de Minas São Francisco,-16.081835,-44.779946,,,,
Sudeste,Minas Gerais,Carangola,-20.665675,-42.124792,,,,
Sudeste,Minas Gerais,Caratinga,-19.670383,-42.110656,,,,
Sudeste,Minas Gerais,Conselheiro Lafaiete Congonhas,-20.684055,-43.746992,,,,
Sudeste,Minas Gerais,Contagem,-19.949388,-44.087564,,,,
Sudeste,Minas Gerais,Coração de Jesus,-16.834097,-44.433654,,,,
Sudeste,Minas Gerais,Coronel Fabriciano Timóteo,-19.655565,-42.700765,,,,
Sudeste,Minas Gerais,Curvelo,-18.445792,-44.528977,,,,
Sudeste,Minas Gerais,Diamantina,-18.075969,-43.333168,,,,
Sudeste,Minas Gerais,Divinópolis Santo Antônio do Monte,-20.199470,-45.123019,,,,
Sudeste,Minas Gerais,Formiga,-20.201634,-45.884186,,,,
Sudeste,Minas Gerais,Francisco Sá,-16.510449,-43.147247,,,,
Sudeste,Minas Gerais,Frutal Iturama,-19.759492,-49.832495,,,,
Sudeste,Minas Gerais,Governador Valadares,-18.828274,-41.954066,,,,
Sudeste,Minas Gerais,Guanhães,-18.753128,-43.126937,,,,
Sudeste,Minas Gerais,Guaxupé,-21.283947,-46.542094,,,,
Sudeste,Minas Gerais,Ipatinga,-19.210901,-42.457254,,,,
Sudeste,Minas Gerais,Itabira,-19.562415,-43.258060,,,,
Sudeste,Minas Gerais,Itajubá,-22.491146,-45.549000,,,,
Sudeste,Minas Gerais,Itaobim,-16.546894,-41.607088,,,,
Sudeste,Minas Gerais,Itaúna,-20.269853,-44.514663,,,,
Sudeste,Minas Gerais,Ituiutaba,-19.084924,-49.810395,,,,
Sudeste,Minas Gerais,Janaúba Monte Azul,-15.365329,-43.302772,,,,
Sudeste,Minas Gerais,Januária,-15.217428,-44.721665,,,,
Sudeste,Minas Gerais,João Monlevade,-19.868268,-43.009870,,,,
Sudeste,Minas Gerais,João Pinheiro,-17.506745,-45.977156,,,,
Sudeste,Minas Gerais,Juiz de Fora Lima Duarte Bom Jardim Minas,-21.859013,-43.793769,,,,
Sudeste,Minas Gerais,Lavras,-21.345962,-44.917462,,,,
Sudeste,Minas Gerais,Leopoldina Cataguases,-21.449358,-42.612364,,,,
Sudeste,Minas Gerais,Manga,-14.593817,-44.247109,,,,
Sudeste,Minas Gerais,Manhuaçu,-20.052607,-41.842040,,,,
Sudeste,Minas Gerais,Mantena,-18.658814,-41.255143,,,,
Sudeste,Minas Gerais,Minas Novas Turmalina Capelinha,-17.354718,-42.577872,,,,
Sudeste,Minas Gerais,Montes Claros Bocaiúva,-17.124674,-43.803957,,,,
Sudeste,Minas Gerais,Muriaé,-21.042865,-42.387470,,,,
Sudeste,Minas Gerais,Nanuque,-17.711221,-40.710693,,,,
Sudeste,Minas Gerais,Ouro Preto,-20.340978,-43.535299,,,,
Sudeste,Minas Gerais,Padre Paraíso,-17.219491,-41.577336,,,,
Sudeste,Minas Gerais,Pará de Minas,-19.746180,-44.804642,,,,
Sudeste,Minas Gerais,Passos Piumhi,-20.511619,-46.514715,,,,
Sudeste,Minas Gerais,Patos de Minas,-18.501887,-46.343544,,,,
Sudeste,Minas Gerais,Patrocínio Monte Carmelo,-18.664932,-47.280608,,,,
Sudeste,Minas Gerais,Pedra Azul,-15.856468,-41.365615,,,,
Sudeste,Minas Gerais,Pirapora,-17.282104,-45.065586,,,,
Sudeste,Minas Gerais,Ponte Nova,-20.245774,-42.784547,,,,
Sudeste,Minas Gerais,Pouso Alegre,-22.339521,-46.077650,,,,
Sudeste,Minas Gerais,Poços de Caldas,-21.943294,-46.431286,,,,
Sudeste,Minas Gerais,Resplendor,-19.332229,-41.295573,,,,
Sudeste,Minas Gerais,Salinas Taiobeiras,-15.723253,-42.215896,,,,
Sudeste,Minas Gerais,Santa Maria do Suaçuí São João Evangelista,-18.276158,-42.497338,,,,
Sudeste,Minas Gerais,Santo Antônio do Amparo Campo Belo,-20.770614,-45.035481,,,,
Sudeste,Minas Gerais,Santos Dumont,-21.428565,-43.509009,,,,
Sudeste,Minas Gerais,Sete Lagoas,-19.086809,-44.820101,,,,
Sudeste,Minas Gerais,São João del Rei,-21.154774,-44.370764,,,,
Sudeste,Minas Gerais,São João Nepomuceno Bicas,-21.691804,-43.012198,,,,
Sudeste,Minas Gerais,São Lourenço,-22.050975,-44.892020,,,,
Sudeste,Minas Gerais,São Sebastião do Paraíso,-20.989190,-46.954233,,,,
Sudeste,Minas Gerais,Teófilo Otoni Malacacheta Itambacuri,-17.849846,-41.622632,,,,
Sudeste,Minas Gerais,Três Corações,-21.680683,-45.195734,,,,
Sudeste,Minas Gerais,Três Pontas,-21.160541,-45.580152,,,,
Sudeste,Minas Gerais,Uberaba,-19.751685,-47.926622,,,,
Sudeste,Minas Gerais,Uberlândia Araguari,-18.960092,-48.540556,,,,
Sudeste,Minas Gerais,Ubá,-21.069554,-43.006784,,,,
Sudeste,Minas Gerais,Unaí,-16.152267,-46.448127,,,,
Sudeste,Minas Gerais,Varginha,-21.717163,-45.548115,,,,
Sudeste,Minas Gerais,Vespasiano,-19.436442,-43.849151,,,,
Sudeste,Minas Gerais,Viçosa,-20.704041,-42.806966,,,,
Sudeste,Minas Gerais,Águas Formosas,-17.148271,-40.860349,,,,
Sudeste,Rio de Janeiro,Baia da Ilha Grande,-23.051867,-44.452112,,,,
Sudeste,Rio de Janeiro,Baixada Litorânea,-22.708496,-42.192758,,,,
Sudeste,Rio de Janeiro,Centro-Sul,-22.273969,-43.317670,,,,
Sudeste,Rio de Janeiro,Metropolitana I,-22.775050,-43.452379,,,,
Sudeste,Rio de Janeiro,Metropolitana II,-22.723309,-42.668266,,,,
Sudeste,Rio de Janeiro,Médio Paraíba,-22.440856,-44.071038,,,,
Sudeste,Rio de Janeiro,Noroeste,-21.331418,-41.906211,,,,
Sudeste,Rio de Janeiro,Norte,-21.829167,-41.502003,,,,
Sudeste,Rio de Janeiro,Serrana,-22.196687,-42.540651,,,,
Sudeste,São Paulo,Adamantina,-21.627456,-51.073050,,,,
Sudeste,São Paulo,Alta Anhanguera,-20.648009,-48.016212,,,,
Sudeste,São Paulo,Alta Mogiana,-20.238489,-47.859466,,,,
Sudeste,São Paulo,Alta Paulista,-21.428064,-51.604363,,,,
Sudeste,São Paulo,Alta Sorocabana,-22.214411,-51.454574,,,,
Sudeste,São Paulo,Alto Capivari,-22.354994,-50.904854,,,,
Sudeste,São Paulo,Alto do Tietê,-23.502173,-46.162219,,,,
Sudeste,São Paulo,Alto Vale do Paraíba,-23.222422,-45.845646,,,,
Sudeste,São Paulo,Aquífero Guarani,-21.400455,-47.687839,,,,
Sudeste,São Paulo,Araras,-22.178229,-47.344745,,,,
Sudeste,São Paulo,Assis,-22.628707,-50.507125,,,,
Sudeste,São Paulo,Baixa Mogiana,-22.343952,-46.945528,,,,
Sudeste,São Paulo,Baixada Santista,-23.988766,-46.521855,,,,
Sudeste,São Paulo,Bauru,-22.299873,-49.131201,,,,
Sudeste,São Paulo,Bragança,-22.945051,-46.457734,,,,
Sudeste,São Paulo,Catanduva,-21.245599,-49.076420,,,,
Sudeste,São Paulo,Central do DRS II,-21.062395,-50.655806,,,,
Sudeste,São Paulo,Central do DRS III,-21.778016,-48.246293,,,,
Sudeste,São Paulo,Centro Oeste do DRS III,-21.656660,-48.834674,,,,
Sudeste,São Paulo,Circuito da Fé e Vale Histórico,-22.793720,-44.882282,,,,
Sudeste,São Paulo,Circuito das Águas,-22.648251,-46.734507,,,,
Sudeste,São Paulo,Consórcios do DRS II,-21.378454,-50.238773,,,,
Sudeste,São Paulo,Coração do DRS III,-21.941474,-47.876667,,,,
Sudeste,São Paulo,Extremo Oeste Paulista,-21.916634,-52.003189,,,,
Sudeste,São Paulo,Fernandópolis,-20.149578,-50.301909,,,,
Sudeste,São Paulo,Franco da Rocha,-23.327830,-46.684174,,,,
Sudeste,São Paulo,Grande ABC,-23.759523,-46.497557,,,,
Sudeste,São Paulo,Horizonte Verde,-21.175947,-48.207268,,,,
Sudeste,São Paulo,Itapetininga,-23.687221,-48.159596,,,,
Sudeste,São Paulo,Itapeva,-24.097002,-48.940647,,,,
Sudeste,São Paulo,Jales,-20.267301,-50.671571,,,,
Sudeste,São Paulo,Jaú,-22.273972,-48.413024,,,,
Sudeste,São Paulo,José Bonifácio,-21.022132,-49.791210,,,,
Sudeste,São Paulo,Jundiaí,-23.192802,-46.929847,,,,
Sudeste,São Paulo,Lagos do DRS II,-20.837653,-51.242703,,,,
Sudeste,São Paulo,Limeira,-22.567665,-47.369133,,,,
Sudeste,São Paulo,Lins,-21.655668,-49.716502,,,,
Sudeste,São Paulo,Litoral Norte,-23.606666,-45.314360,,,,
Sudeste,São Paulo,Mananciais,-23.818769,-46.950242,,,,
Sudeste,São Paulo,Mantiqueira,-21.922300,-46.977542,,,,
Sudeste,São Paulo,Marília,-22.230843,-49.936274,,,,
Sudeste,São Paulo,Norte - Barretos,-20.494647,-48.693034,,,,
Sudeste,São Paulo,Norte do DRS III,-21.498989,-48.469673,,,,
Sudeste,São Paulo,Ourinhos,-22.856405,-49.685072,,,,
Sudeste,São Paulo,Piracicaba,-22.750233,-47.754092,,,,
Sudeste,São Paulo,Polo Cuesta,-22.955800,-48.352593,,,,
Sudeste,São Paulo,Pontal do Paranapanema,-22.423784,-52.374754,,,,
Sudeste,São Paulo,Região Metropolitana de Campinas,-22.852142,-47.098970,,,,
Sudeste,São Paulo,Rio Claro,-22.299439,-47.684254,,,,
Sudeste,São Paulo,Rio Pardo,-21.617114,-46.906363,,,,
Sudeste,São Paulo,Rota dos Bandeirantes,-23.475902,-46.912631,,,,
Sudeste,São Paulo,Santa Fé do Sul,-20.206938,-50.917089,,,,
Sudeste,São Paulo,Sorocaba,-23.584351,-47.461814,,,,
Sudeste,São Paulo,Sul - Barretos,-20.951185,-48.490087,,,,
Sudeste,São Paulo,São José do Rio Preto,-20.594831,-49.408442,,,,
Sudeste,São Paulo,São Paulo,-23.650000,-46.647771,,,,
Sudeste,São Paulo,Três Colinas,-20.466072,-47.417144,,,,
Sudeste,São Paulo,Tupã,-21.853565,-50.563907,,,,
Sudeste,São Paulo,Vale das Cachoeiras,-21.065361,-47.409978,,,,
Sudeste,São Paulo,Vale do Jurumirim,-23.290012,-49.145286,,,,
Sudeste,São Paulo,Vale do Paraíba/Região Serrana,-23.085683,-45.442597,,,,
Sudeste,São Paulo,Vale do Ribeira,-24.540767,-47.890773,,,,
Sudeste,São Paulo,Votuporanga,-20.416984,-49.983261,,,,
Sul,Paraná,10ª RS Cascavel,-25.058313,-53.271836,,,,
Sul,Paraná,11ª RS Campo Mourão,-24.259811,-52.544923,,,,
Sul,Paraná,12ª RS Umuarama,-23.728123,-53.514067,,,,
Sul,Paraná,13ª RS Cianorte,-23.613191,-52.752865,,,,
Sul,Paraná,14ª RS Paranavaí,-22.952226,-52.816374,,,,
Sul,Paraná,15ª RS Maringá,-23.218095,-51.989932,,,,
Sul,Paraná,16ª RS Apucarana,-23.773911,-51.502068,,,,
Sul,Paraná,17ª RS Londrina,-23.184607,-51.246818,,,,
Sul,Paraná,18ª RS Cornélio Procópio,-23.368277,-50.603232,,,,
Sul,Paraná,19ª RS Jacarezinho,-23.538652,-49.973756,,,,
Sul,Paraná,1ª RS Paranaguá,-25.468538,-48.590115,,,,
Sul,Paraná,20ª RS Toledo,-24.553033,-53.950828,,,,
Sul,Paraná,21ª RS Telêmaco Borba,-24.384849,-50.662632,,,,
Sul,Paraná,22ª RS Ivaiporã,-24.456315,-51.628573,,,,
Sul,Paraná,2ª RS Metropolitana,-25.378931,-49.336977,,,,
Sul,Paraná,3ª RS Ponta Grossa,-24.792039,-49.991979,,,,
Sul,Paraná,4ª RS Irati,-25.526921,-50.763962,,,,
Sul,Paraná,5ª RS Guarapuava,-25.277483,-51.834144,,,,
Sul,Paraná,6ª RS União da Vitória,-26.093687,-51.027747,,,,
Sul,Paraná,7ª RS Pato Branco,-26.135029,-52.291820,,,,
Sul,Paraná,8ª RS Francisco Beltrão,-25.904764,-53.332075,,,,
Sul,Paraná,9ª RS Foz do Iguaçu,-25.339720,-54.203966,,,,
Sul,Rio Grande do Sul,Região 01 - Verdes Campos,-29.709052,-53.696576,,,,
Sul,Rio Grande do Sul,Região 02 - Entre Rios,-29.381924,-54.849988,,,,
Sul,Rio Grande do Sul,Região 03 - Fronteira Oeste,-30.042920,-55.694920,,,,
Sul,Rio Grande do Sul,Região 04 - Belas Praias,-29.502302,-50.054713,,,,
Sul,Rio Grande do Sul,Região 05 - Bons Ventos,-30.414573,-50.576804,,,,
Sul,Rio Grande do Sul,Região 06 - Vale do Paranhana e Costa Serr,-29.272567,-50.499654,,,,
Sul,Rio Grande do Sul,Região 07 - Vale dos Sinos,-29.628324,-51.088174,,,,
Sul,Rio Grande do Sul,Região 08 - Vale do Caí e Metropolitana,-29.715911,-51.472505,,,,
Sul,Rio Grande do Sul,Região 09 - Carbonífera/Costa Doce,-30.466266,-51.775490,,,,
Sul,Rio Grande do Sul,Região 10 - Capital e Vale do Gravataí,-30.071480,-50.928998,,,,
Sul,Rio Grande do Sul,Região 11 - Sete Povos das Missões,-28.481192,-55.113863,,,,
Sul,Rio Grande do Sul,Região 12 - Portal das Missões,-28.779753,-53.521025,,,,
Sul,Rio Grande do Sul,Região 13 - Diversidade,-28.223977,-53.881089,,,,
Sul,Rio Grande do Sul,Região 14 - Fronteira Noroeste,-27.807775,-54.490457,,,,
Sul,Rio Grande do Sul,Região 15 - Caminho das Águas,-27.362889,-53.509654,,,,
Sul,Rio Grande do Sul,Região 16 - Alto Uruguai Gaúcho,-27.591338,-52.380047,,,,
Sul,Rio Grande do Sul,Região 17 - Planalto,-28.339232,-52.408218,,,,
Sul,Rio Grande do Sul,Região 18 - Araucárias,-28.045674,-51.656427,,,,
Sul,Rio Grande do Sul,Região 19 - Botucaraí,-28.907799,-52.613278,,,,
Sul,Rio Grande do Sul,Região 20 - Rota da Produção,-27.812557,-53.217690,,,,
Sul,Rio Grande do Sul,Região 21 - Sul,-31.891137,-52.852832,,,,
Sul,Rio Grande do Sul,Região 22 - Pampa,-31.173744,-54.250440,,,,
Sul,Rio Grande do Sul,Região 23 - Caxias e Hortênsias,-29.204307,-51.002156,,,,
Sul,Rio Grande do Sul,Região 24 - Campos de Cima da Serra,-28.499732,-50.708815,,,,
Sul,Rio Grande do Sul,Região 25 - Vinhedos e Basalto,-28.925722,-51.665987,,,,
Sul,Rio Grande do Sul,Região 26 - Uva Vale,-29.002786,-51.287482,,,,
Sul,Rio Grande do Sul,Região 27 - Jacuí Centro,-30.295858,-53.029670,,,,
Sul,Rio Grande do Sul,Região 28 - Vinte e Oito,-29.803090,-52.458612,,,,
Sul,Rio Grande do Sul,Região 29 - Vales e Montanhas,-29.203800,-52.077362,,,,
Sul,Rio Grande do Sul,Região 30 - Vale da Luz,-29.566698,-51.815318,,,,
Sul,Santa Catarina,Alto Uruguai Catarinense,-27.183856,-52.061794,,,,
Sul,Santa Catarina,Alto Vale do Itajaí,-27.122365,-49.801251,,,,
Sul,Santa Catarina,Alto Vale do Rio do Peixe,-26.929084,-50.830909,,,,
Sul,Santa Catarina,Carbonífera,-28.545905,-49.414642,,,,
Sul,Santa Catarina,Extremo Oeste,-26.708859,-53.433528,,,,
Sul,Santa Catarina,Extremo Sul Catarinense,-28.983753,-49.732378,,,,
Sul,Santa Catarina,Foz do Rio Itajaí,-26.917463,-48.757926,,,,
Sul,Santa Catarina,Grande Florianópolis,-27.628983,-48.910535,,,,
Sul,Santa Catarina,Laguna,-28.320730,-49.030735,,,,
Sul,Santa Catarina,Meio Oeste,-27.209030,-51.390501,,,,
Sul,Santa Catarina,Médio Vale do Itajaí,-26.909313,-49.238770,,,,
Sul,Santa Catarina,Nordeste,-26.351164,-48.923095,,,,
Sul,Santa Catarina,Oeste,-26.957558,-52.891079,,,,
Sul,Santa Catarina,Planalto Norte,-26.362958,-50.139944,,,,
Sul,Santa Catarina,Serra Catarinense,-27.923754,-50.204035,,,,
Sul,Santa Catarina,Xanxerê,-26.664920,-52.421634,,,,
